Especie;Nome;Status;X;Y
Fraxinus angustifolia;Freixo;OK;-8.66038826;40.63244545
Crataegus monogyna;Pilriteiro;OK;-8.6600115;40.63222558
Alnus glutinosa;Amieiro;OK;-8.66031146;40.63237763
Alnus glutinosa;Amieiro;OK;-8.66046544;40.63243604
Alnus glutinosa;Amieiro;OK;-8.66048653;40.63251145
Alnus glutinosa;Amieiro;OK;-8.66058413;40.63241482
Crataegus monogyna;Pilriteiro;OK;-8.6605096;40.63238122
Salix atrocinerea;Salgueiro;OK;-8.66054158;40.63246729
Acer negundo;Bordo comum;OK;-8.65589907;40.63237515
Acer negundo;Bordo comum;OK;-8.65714932;40.63614998
Acer negundo;Bordo comum;OK;-8.65726056;40.63605563
Acer negundo;Bordo comum;OK;-8.65691388;40.63633025
Acer negundo;Bordo comum;OK;-8.65745314;40.63592102
Acer negundo;Bordo comum;OK;-8.65709081;40.63619502
Acer negundo;Bordo comum;OK;-8.65781342;40.63428685
Acer negundo;Bordo comum;OK;-8.65800315;40.63402067
Acer negundo;Bordo comum;OK;-8.65838547;40.63243356
Acer negundo;Bordo comum;OK;-8.65823537;40.63232104
Acer negundo;Bordo comum;OK;-8.65703136;40.63623908
Acer platanoides;Ácer da Noruega;OK;-8.65700031;40.63018454
Acer platanoides;Ácer da Noruega;OK;-8.65705158;40.63014484
Acer platanoides;Ácer da Noruega;OK;-8.65708148;40.63024603
Acer platanoides;Ácer da Noruega;OK;-8.65716296;40.63030707
Acer platanoides;Ácer da Noruega;OK;-8.6572143;40.63026763
Acer platanoides;Ácer da Noruega;OK;-8.65730964;40.62994631
Acer platanoides;Ácer da Noruega;OK;-8.65739108;40.63000799
Acer platanoides;Ácer da Noruega;OK;-8.65747282;40.63006812
Acer platanoides;Ácer da Noruega;OK;-8.6571337;40.63020613
Acer platanoides;Ácer da Noruega;OK;-8.65660278;40.62980632
Acer platanoides;Ácer da Noruega;OK;-8.65742;40.63010864
Acer platanoides;Ácer da Noruega;OK;-8.65655105;40.62984623
Acer platanoides;Ácer da Noruega;OK;-8.65645433;40.62977422
Acer platanoides;Ácer da Noruega;OK;-8.65722765;40.6298839
Acer platanoides;Ácer da Noruega;OK;-8.65691823;40.63012332
Acer platanoides;Ácer da Noruega;OK;-8.65676508;40.62953553
Acer platanoides;Ácer da Noruega;OK;-8.65671272;40.6295758
Acer platanoides;Ácer da Noruega;OK;-8.65650576;40.62973471
Acer platanoides;Ácer da Noruega;OK;-8.65717469;40.62992397
Acer platanoides;Ácer da Noruega;OK;-8.65696971;40.63008284
Acer platanoides;Ácer da Noruega;OK;-8.65733938;40.63004832
Acer platanoides;Ácer da Noruega;OK;-8.65725692;40.62998633
Aesculus hippocastanum;Castanheiro da Índia;OK;-8.65708923;40.63488299
Aesculus hippocastanum;Castanheiro da Índia;OK;-8.65724684;40.63476043
Aesculus hippocastanum;Castanheiro da Índia;OK;-8.65739311;40.63464509
Aesculus hippocastanum;Castanheiro da Índia;OK;-8.65743854;40.6346037
Aesculus hippocastanum;Castanheiro da Índia;OK;-8.65748271;40.63456882
Aesculus hippocastanum;Castanheiro da Índia;OK;-8.65864948;40.63280885
Aesculus hippocastanum;Castanheiro da Índia;OK;-8.65862831;40.63275607
Aesculus hippocastanum;Castanheiro da Índia;OK;-8.65869386;40.63296272
Aesculus hippocastanum;Castanheiro da Índia;OK;-8.65679356;40.63511571
Aesculus hippocastanum;Castanheiro da Índia;OK;-8.65689235;40.63503893
Aesculus hippocastanum;Castanheiro da Índia;OK;-8.65698776;40.63496209
Aesculus hippocastanum;Castanheiro da Índia;OK;-8.65757041;40.63434202
Aesculus hippocastanum;Castanheiro da Índia;OK;-8.65767781;40.6342636
Aesculus hippocastanum;Castanheiro da Índia;OK;-8.65772744;40.63422751
Aesculus hippocastanum;Castanheiro da Índia;OK;-8.65791144;40.63421127
Aesculus hippocastanum;Castanheiro da Índia;OK;-8.65796237;40.63417262
Aesculus hippocastanum;Castanheiro da Índia;OK;-8.65777985;40.63418977
Aesculus hippocastanum;Castanheiro da Índia;OK;-8.6578305;40.6341535
Aesculus hippocastanum;Castanheiro da Índia;OK;-8.65793191;40.63407823
Aesculus hippocastanum;Castanheiro da Índia;OK;-8.65787851;40.63411735
Aesculus hippocastanum;Castanheiro da Índia;OK;-8.65820285;40.63386773
Aesculus hippocastanum;Castanheiro da Índia;OK;-8.65839917;40.63371421
Aesculus hippocastanum;Castanheiro da Índia;OK;-8.65835227;40.63375368
Aesculus hippocastanum;Castanheiro da Índia;OK;-8.6582996;40.63379045
Aesculus hippocastanum;Castanheiro da Índia;OK;-8.65805344;40.63398399
Aesculus hippocastanum;Castanheiro da Índia;OK;-8.65818255;40.63228405
Aesculus hippocastanum;Castanheiro da Índia;OK;-8.65854404;40.63261104
Aesculus hippocastanum;Castanheiro da Índia;OK;-8.65850828;40.63256459
Aesculus hippocastanum;Castanheiro da Índia;OK;-8.65857375;40.63265785
Alnus glutinosa;Amieiro;OK;-8.66064693;40.63318495
Alnus glutinosa;Amieiro;OK;-8.66084994;40.63330119
Alnus glutinosa;Amieiro;OK;-8.66092438;40.63338844
Alnus glutinosa;Amieiro;OK;-8.66087879;40.63343086
Alnus glutinosa;Amieiro;OK;-8.66037124;40.63421687
Alnus glutinosa;Amieiro;OK;-8.66037648;40.63445886
Alnus glutinosa;Amieiro;OK;-8.66037304;40.63412865
Alnus glutinosa;Amieiro;OK;-8.66038336;40.63392377
Alnus glutinosa;Amieiro;OK;-8.6600844;40.63386393
Alnus glutinosa;Amieiro;OK;-8.66036957;40.6337019
Alnus glutinosa;Amieiro;OK;-8.66047738;40.63334405
Alnus glutinosa;Amieiro;OK;-8.66017467;40.63332217
Araucaria heterophylla;Araucária-de-Norfolk;OK;-8.65528563;40.63107476
Betula pubescens;Bétula;OK;-8.65650596;40.62871687
Betula pubescens;Bétula;OK;-8.65638811;40.62890828
Betula pubescens;Bétula;OK;-8.65656957;40.6287676
Betula pubescens;Bétula;OK;-8.65946751;40.63433131
Betula pubescens;Bétula;OK;-8.65944886;40.6343552
Betula pubescens;Bétula;OK;-8.65942871;40.63438428
Betula pubescens;Bétula;OK;-8.65939969;40.6343906
Betula pubescens;Bétula;OK;-8.65938351;40.63441848
Betula pubescens;Bétula;OK;-8.65932937;40.63444663
Betula pubescens;Bétula;OK;-8.65929562;40.63447874
Betula pubescens;Bétula;OK;-8.65926899;40.63449295
Betula pubescens;Bétula;OK;-8.65924674;40.63452147
Betula pubescens;Bétula;OK;-8.65919111;40.63448741
Betula pubescens;Bétula;OK;-8.65983128;40.63331993
Betula pubescens;Bétula;OK;-8.65984485;40.63337031
Betula pubescens;Bétula;OK;-8.65505172;40.63003184
Betula pubescens;Bétula;OK;-8.65509967;40.63002557
Betula pubescens;Bétula;OK;-8.65504142;40.6299787
Betula pubescens;Bétula;OK;-8.65436716;40.63015154
Betula pubescens;Bétula;OK;-8.65437087;40.63017799
Betula pubescens;Bétula;OK;-8.65434672;40.63020905
Betula pubescens;Bétula;OK;-8.65438811;40.6302092
Betula pubescens;Bétula;OK;-8.65452517;40.6304718
Betula pubescens;Bétula;OK;-8.65450159;40.6304948
Betula pubescens;Bétula;OK;-8.65451485;40.63052533
Betula pubescens;Bétula;OK;-8.66010966;40.63299051
Betula pubescens;Bétula;OK;-8.660194;40.63299728
Betula pubescens;Bétula;OK;-8.66026749;40.63298159
Betula pubescens;Bétula;OK;-8.66033076;40.63299873
Betula pubescens;Bétula;OK;-8.66040302;40.63298247
Betula pubescens;Bétula;OK;-8.66046472;40.63297609
Betula pubescens;Bétula;OK;-8.66050961;40.63299014
Betula pubescens;Bétula;OK;-8.66057673;40.6329633
Betula pubescens;Bétula;OK;-8.66062467;40.63298888
Betula pubescens;Bétula;OK;-8.66068527;40.63301021
Betula pubescens;Bétula;OK;-8.66067705;40.63311262
Betula pubescens;Bétula;OK;-8.66041573;40.63416825
Betula pubescens;Bétula;OK;-8.66029177;40.63424851
Betula pubescens;Bétula;OK;-8.66028272;40.63435179
Betula pubescens;Bétula;OK;-8.66029652;40.6345757
Betula pubescens;Bétula;OK;-8.66028491;40.63450413
Betula pubescens;Bétula;OK;-8.66029402;40.63442999
Betula pubescens;Bétula;OK;-8.66028221;40.63435432
Betula pubescens;Bétula;OK;-8.6603818;40.6343412
Betula pubescens;Bétula;OK;-8.66043968;40.63409715
Betula pubescens;Bétula;OK;-8.6603906;40.63404762
Betula pubescens;Bétula;OK;-8.66044948;40.63400829
Betula pubescens;Bétula;OK;-8.66027952;40.63395453
Betula pubescens;Bétula;OK;-8.6602828;40.63389126
Betula pubescens;Bétula;OK;-8.66027521;40.63380634
Betula pubescens;Bétula;OK;-8.66042832;40.63376436
Betula pubescens;Bétula;OK;-8.66038804;40.63373943
Betula pubescens;Bétula;OK;-8.66042543;40.63371507
Betula pubescens;Bétula;OK;-8.66035994;40.63334909
Betula pubescens;Bétula;OK;-8.65632314;40.62885963
Castanea sativa;Castanheiro;OK;-8.65472323;40.63123462
Castanea sativa;Castanheiro;OK;-8.65468598;40.63036082
Castanea sativa;Castanheiro;OK;-8.65490737;40.63027435
Castanea sativa;Castanheiro;OK;-8.65479887;40.63044635
Castanea sativa;Castanheiro;OK;-8.65490934;40.6305308
Castanea sativa;Castanheiro;OK;-8.65513046;40.63044346
Castanea sativa;Castanheiro;OK;-8.65524319;40.63052992
Castanea sativa;Castanheiro;OK;-8.65502045;40.63061519
Castanea sativa;Castanheiro;OK;-8.65513291;40.63069938
Castanea sativa;Castanheiro;OK;-8.65524714;40.6307838
Castanea sativa;Castanheiro;OK;-8.65532742;40.63084565
Castanea sativa;Castanheiro;OK;-8.65535742;40.63086636
Castanea sativa;Castanheiro;OK;-8.6550185;40.630361
Castanea sativa;Castanheiro;OK;-8.65479476;40.63019046
Castanea sativa;Castanheiro;OK;-8.66000186;40.63194943
Castanea sativa;Castanheiro;OK;-8.6602317;40.63208364
Castanea sativa;Castanheiro;OK;-8.65535794;40.63061491
Castanea sativa;Castanheiro;OK;-8.65546748;40.63069549
Castanea sativa;Castanheiro;OK;-8.65557364;40.63077714
Castanea sativa;Castanheiro;OK;-8.65437282;40.63064334
Castanea sativa;Castanheiro;OK;-8.65432499;40.63054331
Catalpa bignonioides;Catalpa;OK;-8.65800987;40.63413607
Catalpa bignonioides;Catalpa;OK;-8.65805888;40.63409726
Catalpa bignonioides;Catalpa;OK;-8.65815465;40.63390571
Catalpa bignonioides;Catalpa;OK;-8.65825515;40.63382977
Catalpa bignonioides;Catalpa;OK;-8.65847045;40.63251875
Celtis australis;Lódão;OK;-8.65708761;40.62977863
Celtis australis;Lódão;OK;-8.65716929;40.62983996
Celtis australis;Lódão;OK;-8.65687271;40.62969651
Celtis australis;Lódão;OK;-8.65700687;40.62971735
Celtis australis;Lódão;OK;-8.657036;40.62982003
Celtis australis;Lódão;OK;-8.65692399;40.62965667
Celtis australis;Lódão;OK;-8.65711686;40.62988043
Celtis australis;Lódão;OK;-8.65695415;40.62975769
Celtis australis;Lódão;OK;-8.6566154;40.62989549
Celtis australis;Lódão;OK;-8.65685962;40.63007977
Celtis australis;Lódão;OK;-8.65669677;40.62995678
Celtis australis;Lódão;OK;-8.6569126;40.63003912
Celtis australis;Lódão;OK;-8.65677948;40.63001806
Celtis australis;Lódão;OK;-8.65683274;40.62997665
Celtis australis;Lódão;OK;-8.65674977;40.62991677
Celtis australis;Lódão;OK;-8.65666747;40.62985458
Celtis australis;Lódão;OK;-8.65580046;40.62851566
Citrus limon;Limoeiro;OK;-8.65708459;40.62507405
Citrus limon;Limoeiro;OK;-8.65709243;40.62508204
Citrus limon;Limoeiro;OK;-8.65710151;40.62508616
Citrus limon;Limoeiro;OK;-8.65711158;40.62508993
Citrus limon;Limoeiro;OK;-8.65712277;40.62509347
Citrus limon;Limoeiro;OK;-8.65713518;40.62509742
Citrus limon;Limoeiro;OK;-8.65714585;40.62509954
Citrus limon;Limoeiro;OK;-8.65715596;40.62510278
Citrus limon;Limoeiro;OK;-8.65716683;40.62510528
Citrus limon;Limoeiro;OK;-8.65717564;40.62510802
Citrus limon;Limoeiro;OK;-8.65718702;40.62511043
Citrus limon;Limoeiro;OK;-8.65719966;40.62511326
Citrus limon;Limoeiro;OK;-8.65721211;40.62511537
Citrus limon;Limoeiro;OK;-8.65722319;40.62511884
Citrus limon;Limoeiro;OK;-8.65723405;40.62512015
Citrus limon;Limoeiro;OK;-8.65724622;40.62512282
Citrus limon;Limoeiro;OK;-8.65725541;40.6251251
Citrus limon;Limoeiro;OK;-8.65726596;40.62512645
Citrus limon;Limoeiro;OK;-8.6572751;40.62512864
Citrus limon;Limoeiro;OK;-8.65728674;40.62512978
Citrus limon;Limoeiro;OK;-8.65729809;40.62513208
Citrus limon;Limoeiro;OK;-8.65731025;40.6251337
Citrus limon;Limoeiro;OK;-8.65732138;40.62513687
Citrus limon;Limoeiro;OK;-8.65733098;40.62513852
Citrus limon;Limoeiro;OK;-8.65734146;40.62514276
Citrus limon;Limoeiro;OK;-8.65735325;40.62514637
Citrus limon;Limoeiro;OK;-8.65736595;40.62515197
Citrus limon;Limoeiro;OK;-8.65737895;40.62515548
Citrus limon;Limoeiro;OK;-8.65739106;40.62515999
Citrus limon;Limoeiro;OK;-8.65740096;40.62516583
Citrus limon;Limoeiro;OK;-8.65741176;40.62517007
Citrus limon;Limoeiro;OK;-8.65742299;40.62517572
Citrus limon;Limoeiro;OK;-8.6574307;40.6251799
Citrus limon;Limoeiro;OK;-8.65744363;40.62518559
Citrus limon;Limoeiro;OK;-8.657454;40.62518981
Citrus limon;Limoeiro;OK;-8.65746695;40.62519454
Citrus limon;Limoeiro;OK;-8.65747808;40.62519871
Citrus limon;Limoeiro;OK;-8.65748961;40.62520354
Citrus limon;Limoeiro;OK;-8.65749804;40.62520897
Citrus limon;Limoeiro;OK;-8.65750811;40.6252136
Citrus limon;Limoeiro;OK;-8.65751963;40.6252179
Citrus limon;Limoeiro;OK;-8.657531;40.6252233
Citrus limon;Limoeiro;OK;-8.65754166;40.62522768
Citrus limon;Limoeiro;OK;-8.65755072;40.62523259
Citrus limon;Limoeiro;OK;-8.65756053;40.62523836
Citrus limon;Limoeiro;OK;-8.65757162;40.6252418
Citrus limon;Limoeiro;OK;-8.65758159;40.62524608
Citrus limon;Limoeiro;OK;-8.65759229;40.62524935
Citrus limon;Limoeiro;OK;-8.6576016;40.62525532
Citrus limon;Limoeiro;OK;-8.65761362;40.62525912
Citrus limon;Limoeiro;OK;-8.65762384;40.62526242
Citrus limon;Limoeiro;OK;-8.6576345;40.62526613
Citrus limon;Limoeiro;OK;-8.65764543;40.62526986
Citrus limon;Limoeiro;OK;-8.65765728;40.62527435
Citrus limon;Limoeiro;OK;-8.65766899;40.62527757
Citrus limon;Limoeiro;OK;-8.6576798;40.62528225
Citrus limon;Limoeiro;OK;-8.65769043;40.62528489
Citrus limon;Limoeiro;OK;-8.65770295;40.62528861
Citrus limon;Limoeiro;OK;-8.65771524;40.62529177
Citrus limon;Limoeiro;OK;-8.65772605;40.62529578
Citrus limon;Limoeiro;OK;-8.65773719;40.62530068
Citrus limon;Limoeiro;OK;-8.65774878;40.62530379
Citrus limon;Limoeiro;OK;-8.6577601;40.62530622
Citrus limon;Limoeiro;OK;-8.65777121;40.62530943
Citrus limon;Limoeiro;OK;-8.65778226;40.62531463
Citrus limon;Limoeiro;OK;-8.65779375;40.62531868
Citrus limon;Limoeiro;OK;-8.65780518;40.62532203
Citrus limon;Limoeiro;OK;-8.65781637;40.62532558
Citrus limon;Limoeiro;OK;-8.65782804;40.62532954
Citrus limon;Limoeiro;OK;-8.65783898;40.62533341
Citrus limon;Limoeiro;OK;-8.65785005;40.62533842
Citrus limon;Limoeiro;OK;-8.65785928;40.62534076
Citrus sinensis;Laranjeira;OK;-8.65565766;40.62859857
Citrus sinensis;Laranjeira;OK;-8.65552902;40.62868342
Citrus sinensis;Laranjeira;OK;-8.65541116;40.62876959
Citrus sinensis;Laranjeira;OK;-8.65528282;40.62886942
Citrus sinensis;Laranjeira;OK;-8.65519477;40.62893766
Citrus sinensis;Laranjeira;OK;-8.65509159;40.62901927
Citrus sinensis;Laranjeira;OK;-8.6549888;40.6291132
Cordyline australis;Fiteira;OK;-8.66125433;40.63323251
Cordyline australis;Fiteira;OK;-8.66122268;40.63320184
Cupressus sempervirens;Cipreste;OK;-8.65813652;40.63088085
Cupressus sempervirens;Cipreste;OK;-8.65823514;40.63080168
Cupressus sempervirens;Cipreste;OK;-8.65731657;40.63018923
Cupressus sempervirens;Cipreste;OK;-8.65719389;40.63009618
Cupressus sempervirens;Cipreste;OK;-8.65749897;40.63032251
Cupressus sempervirens;Cipreste;OK;-8.65701381;40.6299607
Cupressus sempervirens;Cipreste;OK;-8.65707247;40.6300038
Cupressus sempervirens;Cipreste;OK;-8.65676929;40.62977706
Cupressus sempervirens;Cipreste;OK;-8.65689297;40.62986888
Cupressus sempervirens;Cipreste;OK;-8.65719153;40.63009506
Cupressus sempervirens;Cipreste;OK;-8.65658956;40.62957877
Cupressus sempervirens;Cipreste;OK;-8.65650896;40.62964014
Cupressus sempervirens;Cipreste;OK;-8.65648427;40.62932403
Cupressus sempervirens;Cipreste;OK;-8.65617077;40.62956219
Cupressus sempervirens;Cipreste;OK;-8.65643181;40.62928776
Cupressus sempervirens;Cipreste;OK;-8.65638746;40.62932479
Cupressus sempervirens;Cipreste;OK;-8.65617181;40.62948998
Cupressus sempervirens;Cipreste;OK;-8.65612557;40.62952697
Eriobotrya japonica;Nespereira;OK;-8.65790061;40.63672343
Eriobotrya japonica;Nespereira;OK;-8.65525;40.63101595
Euonymus japonicus;Evónimo;OK;-8.65739071;40.63626832
Fagus sylvatica;Faia;OK;-8.66075392;40.63294482
Fagus sylvatica;Faia;OK;-8.66093136;40.63353327
Fagus sylvatica;Faia;OK;-8.66095184;40.6335933
Fagus sylvatica;Faia;OK;-8.66028446;40.63469721
Fagus sylvatica;Faia;OK;-8.66027703;40.63402265
Fagus sylvatica;Faia;OK;-8.66021814;40.63374192
Fagus sylvatica;Faia;OK;-8.6602266;40.63329629
Fagus sylvatica;Faia;OK;-8.65581701;40.63234737
Ficus sp.;Árvore da borracha;OK;-8.65733418;40.63477592
Fraxinus angustifolia;Freixo;OK;-8.66056293;40.63314155
Fraxinus angustifolia;Freixo;OK;-8.66025633;40.63428922
Fraxinus angustifolia;Freixo;OK;-8.66017518;40.63442626
Fraxinus angustifolia;Freixo;OK;-8.66009086;40.63447916
Fraxinus angustifolia;Freixo;OK;-8.66009512;40.63456866
Fraxinus angustifolia;Freixo;OK;-8.66038328;40.63462471
Fraxinus angustifolia;Freixo;OK;-8.66039852;40.6345329
Fraxinus angustifolia;Freixo;OK;-8.66043166;40.63385601
Fraxinus angustifolia;Freixo;OK;-8.66038781;40.63353009
Fraxinus angustifolia;Freixo;OK;-8.66041782;40.63340971
Ginkgo biloba;Ginkgo;OK;-8.65850724;40.63526048
Ginkgo biloba;Ginkgo;OK;-8.65859564;40.63519078
Ginkgo biloba;Ginkgo;OK;-8.65889667;40.63495934
Ginkgo biloba;Ginkgo;OK;-8.65868975;40.63511963
Ginkgo biloba;Ginkgo;OK;-8.65877897;40.63505082
Ginkgo biloba;Ginkgo;OK;-8.65665079;40.62953012
Ginkgo biloba;Ginkgo;OK;-8.65660333;40.62949302
Ginkgo biloba;Ginkgo;OK;-8.65639624;40.6296521
Ginkgo biloba;Ginkgo;OK;-8.65644625;40.62968894
Grevillea robusta;Grevílea;OK;-8.65469195;40.63060566
Grevillea robusta;Grevílea;OK;-8.65969034;40.63016741
Grevillea robusta;Grevílea;OK;-8.65977523;40.63023132
Grevillea robusta;Grevílea;OK;-8.65986082;40.63029495
Grevillea robusta;Grevílea;OK;-8.65994677;40.63035884
Grevillea robusta;Grevílea;OK;-8.66003201;40.63042274
Grevillea robusta;Grevílea;OK;-8.66011796;40.6304861
Grevillea robusta;Grevílea;OK;-8.66020285;40.63055027
Grevillea robusta;Grevílea;OK;-8.66028845;40.6306139
Grevillea robusta;Grevílea;OK;-8.66037351;40.63067767
Grevillea robusta;Grevílea;OK;-8.66045894;40.6307417
Grevillea robusta;Grevílea;OK;-8.66054453;40.63080506
Grevillea robusta;Grevílea;OK;-8.66063013;40.63086923
Grevillea robusta;Grevílea;OK;-8.66071217;40.63093045
Grevillea robusta;Grevílea;OK;-8.66061511;40.63100559
Grevillea robusta;Grevílea;OK;-8.66053361;40.63094504
Grevillea robusta;Grevílea;OK;-8.66044961;40.63088154
Grevillea robusta;Grevílea;OK;-8.66036437;40.63081791
Grevillea robusta;Grevílea;OK;-8.66027912;40.63075455
Grevillea robusta;Grevílea;OK;-8.66019459;40.63069119
Grevillea robusta;Grevílea;OK;-8.6601097;40.63062756
Grevillea robusta;Grevílea;OK;-8.66002517;40.63056392
Grevillea robusta;Grevílea;OK;-8.65994046;40.63050069
Grevillea robusta;Grevílea;OK;-8.65985575;40.63043666
Grevillea robusta;Grevílea;OK;-8.65977086;40.6303733
Grevillea robusta;Grevílea;OK;-8.65968651;40.63030952
Grevillea robusta;Grevílea;OK;-8.65960215;40.63024602
Juglans regia;Nogueira;OK;-8.66018222;40.63194355
Lagestroemia sp.;Lagestroemia;OK;-8.65866838;40.63286025
Lagestroemia sp.;Lagestroemia;OK;-8.65870357;40.63307242
Lagestroemia sp.;Lagestroemia;OK;-8.65828825;40.63235716
Lagestroemia sp.;Lagestroemia;OK;-8.65842744;40.63247551
Laurus nobilis;Loureiro;OK;-8.6610566;40.63318331
Laurus nobilis;Loureiro;OK;-8.65828735;40.63076182
Laurus nobilis;Loureiro;OK;-8.65802418;40.63087491
Laurus nobilis;Loureiro;OK;-8.65796288;40.63083089
Laurus nobilis;Loureiro;OK;-8.65780652;40.63039761
Laurus nobilis;Loureiro;OK;-8.65775175;40.63043932
Laurus nobilis;Loureiro;OK;-8.66107615;40.63321272
Laurus nobilis;Loureiro;OK;-8.65822954;40.63071751
Laurus nobilis;Loureiro;OK;-8.65816909;40.63067188
Laurus nobilis;Loureiro;OK;-8.6581085;40.63062535
Laurus nobilis;Loureiro;OK;-8.6580461;40.63057989
Laurus nobilis;Loureiro;OK;-8.65798777;40.63053527
Laurus nobilis;Loureiro;OK;-8.65765933;40.63060225
Laurus nobilis;Loureiro;OK;-8.6575999;40.63055766
Laurus nobilis;Loureiro;OK;-8.65771422;40.63056104
Laurus nobilis;Loureiro;OK;-8.65765396;40.63051563
Laurus nobilis;Loureiro;OK;-8.6578126;40.63048437
Laurus nobilis;Loureiro;OK;-8.65786638;40.63044365
Laurus nobilis;Loureiro;OK;-8.65792664;40.63048906
Laurus nobilis;Loureiro;OK;-8.6600866;40.63274448
Ligustrum lucidum;Ligustro;OK;-8.65743323;40.63616734
Ligustrum lucidum;Ligustro;OK;-8.65773104;40.63659475
Ligustrum lucidum;Ligustro;OK;-8.65456376;40.63074051
Liquidambar styraciflua;Liquidambar;OK;-8.65750084;40.63158067
Liquidambar styraciflua;Liquidambar;OK;-8.65598265;40.63251739
Liquidambar styraciflua;Liquidambar;OK;-8.65543214;40.63159748
Liquidambar styraciflua;Liquidambar;OK;-8.65995005;40.63224551
Liriodendron tulipifera;Tulipeiro;OK;-8.65556526;40.63182022
Magnolia grandiflora;Magnolia;OK;-8.6577723;40.6366431
Magnolia grandiflora;Magnolia;OK;-8.65747861;40.6370466
Metrosideros excelsa;Metrosidero;OK;-8.66054509;40.63117671
Metrosideros excelsa;Metrosidero;OK;-8.660467;40.6311176
Metrosideros excelsa;Metrosidero;OK;-8.6603818;40.6310538
Metrosideros excelsa;Metrosidero;OK;-8.66030083;40.63099379
Metrosideros excelsa;Metrosidero;OK;-8.66063112;40.63110576
Metrosideros excelsa;Metrosidero;OK;-8.66071464;40.63104136
Metrosideros excelsa;Metrosidero;OK;-8.66079621;40.63097683
Metrosideros excelsa;Metrosidero;OK;-8.66088537;40.63090916
Metrosideros excelsa;Metrosidero;OK;-8.66080867;40.63085196
Metrosideros excelsa;Metrosidero;OK;-8.66072396;40.63078901
Metrosideros excelsa;Metrosidero;OK;-8.66063978;40.63072564
Metrosideros excelsa;Metrosidero;OK;-8.66055561;40.63066255
Metrosideros excelsa;Metrosidero;OK;-8.6604709;40.63059959
Metrosideros excelsa;Metrosidero;OK;-8.66038708;40.63053595
Metrosideros excelsa;Metrosidero;OK;-8.66030237;40.63047272
Metrosideros excelsa;Metrosidero;OK;-8.66021766;40.63040922
Metrosideros excelsa;Metrosidero;OK;-8.6601333;40.63034599
Metrosideros excelsa;Metrosidero;OK;-8.66004913;40.6302829
Metrosideros excelsa;Metrosidero;OK;-8.6599646;40.63022007
Metrosideros excelsa;Metrosidero;OK;-8.65988043;40.63015698
Metrosideros excelsa;Metrosidero;OK;-8.65979607;40.63009375
Metrosideros excelsa;Metrosidero;OK;-8.65971172;40.63003052
Metrosideros excelsa;Metrosidero;OK;-8.65962772;40.62996728
Metrosideros excelsa;Metrosidero;OK;-8.65952324;40.63004297
Metrosideros excelsa;Metrosidero;OK;-8.65960439;40.63010379
Metrosideros excelsa;Metrosidero;OK;-8.65951691;40.63018239
Metrosideros excelsa;Metrosidero;OK;-8.65943185;40.6301189
Morus nigra;Amoreira negra;OK;-8.6547301;40.63066422
Nerium oleander;Loendro;OK;-8.65785916;40.62357714
Nerium oleander;Loendro;OK;-8.65778166;40.62360888
Nerium oleander;Loendro;OK;-8.65770157;40.62364044
Nerium oleander;Loendro;OK;-8.65762166;40.62367129
Nerium oleander;Loendro;OK;-8.65754458;40.62370218
Nerium oleander;Loendro;OK;-8.65747091;40.62373142
Nerium oleander;Loendro;OK;-8.65739029;40.62376307
Nerium oleander;Loendro;OK;-8.65731076;40.62379535
Nerium oleander;Loendro;OK;-8.65723285;40.62382499
Nerium oleander;Loendro;OK;-8.65715453;40.62385671
Nerium oleander;Loendro;OK;-8.65707635;40.62388856
Olea europaea;Oliveira;OK;-8.65801031;40.62327687
Olea europaea;Oliveira;OK;-8.65908887;40.63461725
Olea europaea;Oliveira;OK;-8.65901975;40.63466814
Olea europaea;Oliveira;OK;-8.66101038;40.6336411
Olea europaea;Oliveira;OK;-8.66097305;40.63370669
Olea europaea;Oliveira;OK;-8.6608241;40.63367268
Olea europaea;Oliveira;OK;-8.66090543;40.63376606
Olea europaea;Oliveira;OK;-8.66087058;40.63384658
Olea europaea;Oliveira;OK;-8.66080203;40.63393361
Olea europaea;Oliveira;OK;-8.66076315;40.63403387
Olea europaea;Oliveira;OK;-8.66070585;40.63409436
Olea europaea;Oliveira;OK;-8.66023271;40.63342489
Olea europaea;Oliveira;OK;-8.65890388;40.633844
Olea europaea;Oliveira;OK;-8.6582696;40.63666735
Olea europaea;Oliveira;OK;-8.65827875;40.63666887
Olea europaea;Oliveira;OK;-8.65831537;40.63668961
Olea europaea;Oliveira;OK;-8.65898444;40.63269436
Olea europaea;Oliveira;OK;-8.65891315;40.6334139
Olea europaea;Oliveira;OK;-8.65894291;40.63313896
Olea europaea;Oliveira;OK;-8.65897895;40.63328989
Olea europaea;Oliveira;OK;-8.65897537;40.63297037
Olea europaea;Oliveira;OK;-8.65896052;40.63281253
Olea europaea;Oliveira;OK;-8.65874991;40.63383422
Olea europaea;Oliveira;OK;-8.65889716;40.63371683
Olea europaea;Oliveira;OK;-8.65874496;40.63371189
Olea europaea;Oliveira;OK;-8.65912557;40.63130513
Olea europaea;Oliveira;OK;-8.65992092;40.63545479
Olea europaea;Oliveira;OK;-8.66004625;40.63527276
Olea europaea;Oliveira;OK;-8.66012518;40.63513759
Olea europaea;Oliveira;OK;-8.6601596;40.63510401
Phoenix canariensis;Palmeira;OK;-8.65799656;40.63537826
Phoenix canariensis;Palmeira;OK;-8.65037739;40.63712865
Phoenix canariensis;Palmeira;OK;-8.66116581;40.63313498
Phoenix canariensis;Palmeira;OK;-8.65828179;40.63067615
Phoenix canariensis;Palmeira;OK;-8.65816039;40.63058399
Phoenix canariensis;Palmeira;OK;-8.65809953;40.63053796
Phoenix canariensis;Palmeira;OK;-8.65790918;40.63087131
Phoenix canariensis;Palmeira;OK;-8.65804015;40.63049362
Phoenix canariensis;Palmeira;OK;-8.65822158;40.63063049
Phoenix canariensis;Palmeira;OK;-8.65778816;40.63077991
Phoenix canariensis;Palmeira;OK;-8.65772866;40.63073341
Phoenix canariensis;Palmeira;OK;-8.65784928;40.63082486
Phoenix canariensis;Palmeira;OK;-8.66096547;40.63300125
Phoenix canariensis;Palmeira;OK;-8.66124529;40.63322539
Phoenix canariensis;Palmeira;OK;-8.66107335;40.63317074
Phoenix canariensis;Palmeira;OK;-8.66121881;40.63317816
Phoenix canariensis;Palmeira;OK;-8.66118598;40.63325985
Phoenix canariensis;Palmeira;OK;-8.66109893;40.63318937
Phoenix canariensis;Palmeira;OK;-8.65791851;40.63436062
Phoenix canariensis;Palmeira;OK;-8.65944613;40.63402116
Phoenix canariensis;Palmeira;OK;-8.65975582;40.6343127
Phoenix canariensis;Palmeira;OK;-8.659865;40.63439569
Phoenix canariensis;Palmeira;OK;-8.65992866;40.63444277
Phoenix canariensis;Palmeira;OK;-8.65835915;40.63010257
Phoenix canariensis;Palmeira;OK;-8.6584316;40.63004713
Phoenix canariensis;Palmeira;OK;-8.65834269;40.63072135
Phoenix canariensis;Palmeira;OK;-8.65796739;40.63091892
Phoenix canariensis;Palmeira;OK;-8.65803048;40.63096235
Pinus pinea;Pinheiro manso;OK;-8.65861202;40.63449376
Pinus pinea;Pinheiro manso;OK;-8.65855549;40.63445375
Pinus pinea;Pinheiro manso;OK;-8.6587308;40.63458667
Pinus pinea;Pinheiro manso;OK;-8.65867122;40.63454173
Pinus pinea;Pinheiro manso;OK;-8.65884806;40.63467484
Pinus pinea;Pinheiro manso;OK;-8.65890474;40.63471877
Pinus pinea;Pinheiro manso;OK;-8.65795252;40.63447218
Pinus pinea;Pinheiro manso;OK;-8.6582604;40.63423276
Pinus pinea;Pinheiro manso;OK;-8.65801208;40.63451652
Pinus pinea;Pinheiro manso;OK;-8.65832205;40.63427896
Pinus pinea;Pinheiro manso;OK;-8.65837994;40.63432344
Pinus pinea;Pinheiro manso;OK;-8.65807305;40.63456253
Pinus pinea;Pinheiro manso;OK;-8.65843659;40.63436683
Pinus pinea;Pinheiro manso;OK;-8.65813277;40.63460686
Pinus pinea;Pinheiro manso;OK;-8.6581942;40.63465294
Pinus pinea;Pinheiro manso;OK;-8.65849621;40.63440849
Pinus pinea;Pinheiro manso;OK;-8.65825199;40.63469825
Pinus pinea;Pinheiro manso;OK;-8.65831272;40.63474428
Pinus pinea;Pinheiro manso;OK;-8.65836938;40.63478667
Pinus pinea;Pinheiro manso;OK;-8.65842886;40.63483151
Pinus pinea;Pinheiro manso;OK;-8.65848771;40.63487614
Pinus pinea;Pinheiro manso;OK;-8.65827435;40.63431598
Pinus pinea;Pinheiro manso;OK;-8.65844892;40.63444848
Pinus pinea;Pinheiro manso;OK;-8.65862468;40.63457942
Pinus pinea;Pinheiro manso;OK;-8.65868262;40.63462359
Pinus pinea;Pinheiro manso;OK;-8.65874056;40.63466754
Pinus pinea;Pinheiro manso;OK;-8.6587981;40.63471104
Pinus pinea;Pinheiro manso;OK;-8.65885792;40.63475511
Pinus pinea;Pinheiro manso;OK;-8.65833159;40.63436075
Pinus pinea;Pinheiro manso;OK;-8.65585341;40.63281738
Pinus pinea;Pinheiro manso;OK;-8.65591708;40.63284066
Pinus pinea;Pinheiro manso;OK;-8.65838957;40.63440404
Pinus pinea;Pinheiro manso;OK;-8.65850636;40.63449276
Pinus pinea;Pinheiro manso;OK;-8.65856508;40.63453676
Pinus pinea;Pinheiro manso;OK;-8.65552072;40.63148702
Pinus pinea;Pinheiro manso;OK;-8.65533094;40.63222179
Pinus pinea;Pinheiro manso;OK;-8.65585606;40.63297299
Pinus pinea;Pinheiro manso;OK;-8.65981552;40.63182623
Pinus pinea;Pinheiro manso;OK;-8.66008223;40.63186341
Pinus pinea;Pinheiro manso;OK;-8.65992852;40.63186958
Pinus pinea;Pinheiro manso;OK;-8.65982475;40.6320483
Pinus pinea;Pinheiro manso;OK;-8.65997382;40.63205626
Pinus pinea;Pinheiro manso;OK;-8.65805303;40.6344791
Pinus pinea;Pinheiro manso;OK;-8.65811465;40.6345198
Pinus pinea;Pinheiro manso;OK;-8.65817004;40.63456339
Pinus pinea;Pinheiro manso;OK;-8.65823548;40.63461265
Pinus pinea;Pinheiro manso;OK;-8.65829086;40.63465624
Pinus pinea;Pinheiro manso;OK;-8.65835257;40.63470837
Pinus pinea;Pinheiro manso;OK;-8.65841545;40.63474906
Pinus pinea;Pinheiro manso;OK;-8.65847336;40.6347955
Pinus pinea;Pinheiro manso;OK;-8.65853128;40.63484289
Pinus pinea;Pinheiro manso;OK;-8.65858541;40.63488553
Pinus pinea;Pinheiro manso;OK;-8.65864327;40.63492529
Pinus pinea;Pinheiro manso;OK;-8.65859355;40.6349665
Pinus pinea;Pinheiro manso;OK;-8.66106472;40.63319583
Pinus pinea;Pinheiro manso;OK;-8.65429121;40.63049683
Pinus pinea;Pinheiro manso;OK;-8.65628916;40.63226428
Pinus sp.;Pinheiro;OK;-8.65528766;40.63215611
Platanus x hispanica;Plátano;OK;-8.65460757;40.63060541
Platycladus orientalis;Tuia;OK;-8.65461916;40.63073649
Populus alba;Choupo branco;OK;-8.65709864;40.63519565
Populus alba;Choupo branco;OK;-8.65713998;40.63522894
Populus alba;Choupo branco;OK;-8.65718215;40.63525734
Populus alba;Choupo branco;OK;-8.65722587;40.63529113
Populus alba;Choupo branco;OK;-8.6572671;40.63532365
Populus alba;Choupo branco;OK;-8.65731146;40.63535674
Populus alba;Choupo branco;OK;-8.65734901;40.63538712
Populus alba;Choupo branco;OK;-8.65739116;40.63542034
Populus alba;Choupo branco;OK;-8.65705867;40.63516312
Populus nigra;Choupo negro;OK;-8.65756624;40.63600446
Populus nigra;Choupo negro;OK;-8.65726913;40.63623856
Populus nigra;Choupo negro;OK;-8.65738714;40.63614708
Populus nigra;Choupo negro;OK;-8.65744539;40.63610166
Populus nigra;Choupo negro;OK;-8.65733026;40.63619206
Populus nigra;Choupo negro;OK;-8.65709261;40.63637461
Populus nigra;Choupo negro;OK;-8.65977347;40.63086438
Populus nigra;Choupo negro;OK;-8.65967532;40.63079144
Populus x canadensis;Choupo-cinzento;OK;-8.65702873;40.6364179
Prunus avium;Cerejeira brava;OK;-8.65743682;40.63043375
Prunus avium;Cerejeira brava;OK;-8.65727389;40.63031033
Prunus avium;Cerejeira brava;OK;-8.65721916;40.63035304
Prunus avium;Cerejeira brava;OK;-8.6573845;40.6304746
Prunus avium;Cerejeira brava;OK;-8.65730228;40.63041228
Prunus avium;Cerejeira brava;OK;-8.65726154;40.62956402
Prunus avium;Cerejeira brava;OK;-8.65764332;40.6292715
Prunus avium;Cerejeira brava;OK;-8.65761235;40.63017289
Prunus avium;Cerejeira brava;OK;-8.65769399;40.6302345
Prunus avium;Cerejeira brava;OK;-8.65747976;40.63015247
Prunus avium;Cerejeira brava;OK;-8.65764067;40.63027533
Prunus cerasifera;Ameixoeira do jardim;OK;-8.65457514;40.63070795
Prunus cerasifera;Ameixoeira do jardim;OK;-8.6545949;40.63067685
Prunus lusitanica;Azereiro;OK;-8.6564081;40.62880581
Quercus ilex;Azinheira;OK;-8.659986;40.63178028
Quercus ilex;Azinheira;OK;-8.65975884;40.63190578
Quercus ilex;Azinheira;OK;-8.65987436;40.63195814
Quercus robur;Carvalho-alvarinho;OK;-8.65584263;40.63229777
Quercus robur;Carvalho-alvarinho;OK;-8.65530465;40.63149561
Quercus robur;Carvalho-alvarinho;OK;-8.65563647;40.63189279
Quercus robur;Carvalho-alvarinho;OK;-8.6555814;40.63160723
Quercus robur;Carvalho-alvarinho;OK;-8.65496408;40.63031681
Quercus robur;Carvalho-alvarinho;OK;-8.65485301;40.6302339
Quercus robur;Carvalho-alvarinho;OK;-8.65474087;40.63040359
Quercus robur;Carvalho-alvarinho;OK;-8.65485367;40.63048854
Quercus robur;Carvalho-alvarinho;OK;-8.6550763;40.63040158
Quercus robur;Carvalho-alvarinho;OK;-8.65518734;40.63048631
Quercus robur;Carvalho-alvarinho;OK;-8.65496581;40.63057327
Quercus robur;Carvalho-alvarinho;OK;-8.65507481;40.63065725
Quercus robur;Carvalho-alvarinho;OK;-8.65529812;40.63057123
Quercus robur;Carvalho-alvarinho;OK;-8.65518862;40.63074097
Quercus robur;Carvalho-alvarinho;OK;-8.65530239;40.63082723
Quercus robur;Carvalho-alvarinho;OK;-8.65541276;40.63091193
Quercus robur;Carvalho-alvarinho;OK;-8.65541059;40.63065576
Quercus robur;Carvalho-alvarinho;OK;-8.65552237;40.63074045
Quercus robur;Carvalho-alvarinho;OK;-8.65462832;40.63031954
Quercus robur;Carvalho-alvarinho;OK;-8.6558154;40.63221151
Quercus robur L.;Carvalho-alvarinho;OK;-8.65956747;40.63132305
Quercus robur L.;Carvalho-alvarinho;OK;-8.6596433;40.63138001
Quercus robur L.;Carvalho-alvarinho;OK;-8.65971865;40.63143661
Quercus robur L.;Carvalho-alvarinho;OK;-8.65979471;40.63149374
Quercus robur L.;Carvalho-alvarinho;OK;-8.65987034;40.63155055
Quercus robur L.;Carvalho-alvarinho;OK;-8.65994622;40.63160755
Quercus robur L.;Carvalho-alvarinho;OK;-8.66002208;40.63166453
Quercus robur L.;Carvalho-alvarinho;OK;-8.66009777;40.63172139
Quercus sp.;Carvalho;OK;-8.65502847;40.63172773
Quercus sp.;Carvalho;OK;-8.6549075;40.63153192
Quercus sp.;Carvalho;OK;-8.65494388;40.63157984
Quercus sp.;Carvalho;OK;-8.65500487;40.63167686
Quercus sp.;Carvalho;OK;-8.65505207;40.63177813
Quercus sp.;Carvalho;OK;-8.65511181;40.63187834
Quercus sp.;Carvalho;OK;-8.65499688;40.63162134
Quercus sp.;Carvalho;OK;-8.65518204;40.63197429
Quercus sp.;Carvalho;OK;-8.65569306;40.63278279
Quercus sp.;Carvalho;OK;-8.66016383;40.6323169
Quercus suber;Sobreiro;OK;-8.65957352;40.63145259
Quercus suber;Sobreiro;OK;-8.65967098;40.6315142
Quercus suber;Sobreiro;OK;-8.65957174;40.63155156
Quercus suber;Sobreiro;OK;-8.65972218;40.63159278
Quercus suber;Sobreiro;OK;-8.6596043;40.63163245
Quercus suber;Sobreiro;OK;-8.65957318;40.63172689
Quercus suber;Sobreiro;OK;-8.65958327;40.63181796
Quercus suber;Sobreiro;OK;-8.65967993;40.63169557
Quercus suber;Sobreiro;OK;-8.65982645;40.63163839
Quercus suber;Sobreiro;OK;-8.65990333;40.63170534
Quercus suber;Sobreiro;OK;-8.65979236;40.63173265
Quercus suber;Sobreiro;OK;-8.659695;40.63181438
Quercus suber;Sobreiro;OK;-8.65962307;40.63191979
Quercus suber;Sobreiro;OK;-8.65971562;40.63198958
Quercus suber;Sobreiro;OK;-8.65960235;40.63201224
Quercus suber;Sobreiro;OK;-8.65968696;40.63208696
Robinia pseudoacacia;Robínia;OK;-8.65703923;40.63492437
Robinia pseudoacacia;Robínia;OK;-8.65719462;40.63479999
Robinia pseudoacacia;Robínia;OK;-8.65734247;40.63468126
Robinia pseudoacacia;Robínia;OK;-8.65684749;40.63507596
Robinia pseudoacacia;Robínia;OK;-8.65694296;40.63499776
Robinia pseudoacacia;Robínia;OK;-8.65762743;40.63430266
Salix atrocinerea;Salgueiro;OK;-8.66017474;40.63256338
Salix atrocinerea;Salgueiro;OK;-8.66025853;40.63284053
Salix atrocinerea;Salgueiro;OK;-8.66039061;40.63254591
Salix atrocinerea;Salgueiro;OK;-8.66041395;40.63253772
Salix atrocinerea;Salgueiro;OK;-8.66035257;40.6325608
Salix atrocinerea;Salgueiro;OK;-8.66092733;40.63295135
Salix babylonica;Chorão;OK;-8.65766307;40.63516189
Salix babylonica;Chorão;OK;-8.65764299;40.63507701
Salix babylonica;Chorão;OK;-8.65491343;40.63109311
Tamarix sp.;Tamargueira;OK;-8.65962189;40.63558878
Tamarix sp.;Tamargueira;OK;-8.66021638;40.63500553
Thuja occidentalis;Tuia;OK;-8.65768168;40.63660852
Thuja occidentalis;Tuia;OK;-8.65736559;40.63632537
Thuja occidentalis;Tuia;OK;-8.6563754;40.62888239
Thuja occidentalis;Tuia;OK;-8.65635688;40.62886856
Thuja sp.;Tuia;OK;-8.65818199;40.63194916
Tilia cordata;Tília de folhas pequenas;OK;-8.65875125;40.63338996
Tilia cordata;Tília de folhas pequenas;OK;-8.65878434;40.63329631
Tilia cordata;Tília de folhas pequenas;OK;-8.65880281;40.63320842
Tilia cordata;Tília de folhas pequenas;OK;-8.65865391;40.63259413
Tilia cordata;Tília de folhas pequenas;OK;-8.65870075;40.63267083
Tilia cordata;Tília de folhas pequenas;OK;-8.65877181;40.63283342
Tilia cordata;Tília de folhas pequenas;OK;-8.65874035;40.63275068
Tilia cordata;Tília de folhas pequenas;OK;-8.6587955;40.63292046
Tilia cordata;Tília de folhas pequenas;OK;-8.65854624;40.63370711
Tilia cordata;Tília de folhas pequenas;OK;-8.65861302;40.63362774
Tilia cordata;Tília de folhas pequenas;OK;-8.65871787;40.63346827
Tilia cordata;Tília de folhas pequenas;OK;-8.65866862;40.63355078
Tilia cordata;Tília de folhas pequenas;OK;-8.65797076;40.63196161
Tilia cordata;Tília de folhas pequenas;OK;-8.65816818;40.63211403
Tilia cordata;Tília de folhas pequenas;OK;-8.65836951;40.63228344
Tilia cordata;Tília de folhas pequenas;OK;-8.6585964;40.63251868
Tilia cordata;Tília de folhas pequenas;OK;-8.65853381;40.63244556
Tipuana tipu;Tipuana;OK;-8.65585234;40.6292485
Tipuana tipu;Tipuana;OK;-8.65591027;40.62925032
Tipuana tipu;Tipuana;OK;-8.65594287;40.62929511
Washingtonia robusta;Palmeira Washingtonia;OK;-8.65818867;40.63415179
Washingtonia robusta;Palmeira Washingtonia;OK;-8.65804809;40.63426151
Washingtonia robusta;Palmeira Washingtonia;OK;-8.65798233;40.6343114
Washingtonia robusta;Palmeira Washingtonia;OK;-8.65785122;40.63441343
Washingtonia robusta;Palmeira Washingtonia;OK;-8.65811238;40.63421241
